<?xml version="1.0" encoding="UTF-8"?>
<project-private xmlns="http://www.netbeans.org/ns/project-private/1">
    <editor-bookmarks xmlns="http://www.netbeans.org/ns/editor-bookmarks/2" lastBookmarkId="0"/>
    <open-files xmlns="http://www.netbeans.org/ns/projectui-open-files/2">
        <group>
            <file>file:/C:/Users/Micke/OneDrive/Documenten/NetBeansProjects/DecisionTree/src/decisiontree/DAO.java</file>
            <file>file:/C:/Users/Micke/OneDrive/Documenten/NetBeansProjects/DecisionTree/src/decisiontree/DecisionTree.java</file>
            <file>file:/C:/Users/Micke/OneDrive/Documenten/NetBeansProjects/DecisionTree/src/decisiontree/Node.java</file>
            <file>file:/C:/Users/Micke/OneDrive/Documenten/NetBeansProjects/DecisionTree/src/decisiontree/CSVLoader.java</file>
            <file>file:/C:/Users/Micke/OneDrive/Documenten/NetBeansProjects/DecisionTree/src/decisiontree/AgeNode.java</file>
            <file>file:/C:/Users/Micke/OneDrive/Documenten/NetBeansProjects/DecisionTree/src/decisiontree/Test.java</file>
        </group>
    </open-files>
</project-private>
